{"count":1,"self":4387.9305216,"total":17205.8805,"children":{"InitializeActuators":{"count":4,"self":0.0023209999999999997,"total":0.0023209999999999997,"children":null},"InitializeSensors":{"count":4,"self":0.0030221,"total":0.0030221,"children":null},"AgentSendState":{"count":10538168,"self":346.54658559999996,"total":422.6789273,"children":{"CollectObservations":{"count":3161470,"self":7.0516679999999994,"total":7.0516679999999994,"children":null},"WriteActionMask":{"count":3161470,"self":1.8878256,"total":1.8878256,"children":null},"RequestDecision":{"count":3161470,"self":10.5395424,"total":67.1928556,"children":{"AgentInfo.ToProto":{"count":3161470,"self":11.8817424,"total":56.6533132,"children":{"GenerateSensorData":{"count":3161470,"self":37.239075199999995,"total":44.771571099999996,"children":{"RayPerceptionSensor.Perceive":{"count":3161470,"self":7.532496,"total":7.5324956,"children":null}}}}}}}}},"DecideAction":{"count":10538168,"self":12066.7512832,"total":12066.7512348,"children":null},"AgentAct":{"count":10538168,"self":328.0070912,"total":328.1480385,"children":{"AgentInfo.ToProto":{"count":6069,"self":0.025655599999999997,"total":0.1409356,"children":{"GenerateSensorData":{"count":6069,"self":0.092630099999999993,"total":0.11528,"children":{"RayPerceptionSensor.Perceive":{"count":6069,"self":0.0226499,"total":0.0226499,"children":null}}}}}}},"AgentInfo.ToProto":{"count":13585,"self":0.07828389999999999,"total":0.3653784,"children":{"GenerateSensorData":{"count":13585,"self":0.2421014,"total":0.2870945,"children":{"RayPerceptionSensor.Perceive":{"count":13585,"self":0.0449931,"total":0.0449931,"children":null}}}}}},"gauges":{"Run.CumulativeReward":{"count":16874,"max":506.6557,"min":-391.7107,"runningAverage":-41.6870041,"value":-48.0921974,"weightedAverage":-60.305088},"Hunt.CumulativeReward":{"count":2780,"max":617.9545,"min":-531.999939,"runningAverage":-22.2862854,"value":-49.908474,"weightedAverage":-66.7731857}},"metadata":{"timer_format_version":"0.1.0","start_time_seconds":"1692633545","unity_version":"2021.3.20f1","command_line_arguments":"C:\\Program Files\\Unity\\Hub\\Editor\\2021.3.20f1\\Editor\\Unity.exe -projectpath C:\\Users\\isaia\\Scrapper Star -useHub -hubIPC -cloudEnvironment production","communication_protocol_version":"1.5.0","com.unity.ml-agents_version":"2.3.0-exp.3","scene_name":"EnemyTraining","end_time_seconds":"1692650751"}}