{"count":1,"self":674.4652288,"total":4293.5722983,"children":{"InitializeActuators":{"count":1,"self":0.0012887999999999999,"total":0.0012887999999999999,"children":null},"InitializeSensors":{"count":1,"self":0.002238,"total":0.002238,"children":null},"AgentSendState":{"count":3790267,"self":5.223392,"total":124.0781849,"children":{"CollectObservations":{"count":379027,"self":1.2328040999999998,"total":1.2328040999999998,"children":null},"WriteActionMask":{"count":379027,"self":0.2718653,"total":0.2718653,"children":null},"RequestDecision":{"count":379027,"self":1.5776413,"total":117.35012329999999,"children":{"AgentInfo.ToProto":{"count":379027,"self":2.2669539999999997,"total":115.772482,"children":{"GenerateSensorData":{"count":379027,"self":113.5055232,"total":113.505528,"children":null}}}}}}},"DecideAction":{"count":3790267,"self":3480.2774016,"total":3480.2774630999997,"children":null},"AgentAct":{"count":3790267,"self":11.3872096,"total":14.747387999999999,"children":{"AgentInfo.ToProto":{"count":9230,"self":0.070737,"total":3.3601782,"children":{"GenerateSensorData":{"count":9230,"self":3.2894411999999997,"total":3.2894411999999997,"children":null}}}}}},"gauges":{"Stay.CumulativeReward":{"count":9230,"max":2456.062,"min":155.616669,"runningAverage":725.6,"value":2356.22778,"weightedAverage":2250.8252}},"metadata":{"timer_format_version":"0.1.0","start_time_seconds":"1692133337","unity_version":"2021.3.20f1","command_line_arguments":"C:\\Program Files\\Unity\\Hub\\Editor\\2021.3.20f1\\Editor\\Unity.exe -projectpath C:\\Users\\isaia\\Scrapper Star -useHub -hubIPC -cloudEnvironment production","communication_protocol_version":"1.5.0","com.unity.ml-agents_version":"2.3.0-exp.3","scene_name":"Station Training","end_time_seconds":"1692137631"}}